[
    {
        "model": "size.size",
        "pk": 1,
        "fields": {
            "name": "micro",
            "slug": "s-1vcpu-512mb-10gb",
            "type": "virtance",
            "description": "Micro",
            "vcpu": 1,
            "disk": 10737418240,
            "memory": 536870912,
            "transfer": 549755813888,
            "is_active": true,
            "is_deleted": false,
            "created": "2022-11-11T18:48:33.848Z",
            "updated": "2022-11-11T18:48:33.848Z",
            "deleted": null,
            "price": "0.007000",
            "regions": [
                1
            ]
        }
    },
    {
        "model": "size.size",
        "pk": 2,
        "fields": {
            "name": "mini",
            "slug": "s-1vcpu-1gb-20gb",
            "type": "virtance",
            "description": "Mini",
            "vcpu": 1,
            "disk": 21474836480,
            "memory": 1073741824,
            "transfer": 1099511627776,
            "is_active": true,
            "is_deleted": false,
            "created": "2022-11-11T18:48:33.848Z",
            "updated": "2022-11-11T18:48:33.848Z",
            "deleted": null,
            "price": "0.013900",
            "regions": [
                1
            ]
        }
    },
    {
        "model": "size.size",
        "pk": 3,
        "fields": {
            "name": "small",
            "slug": "s-1vcpu-2gb-40gb",
            "type": "virtance",
            "description": "Small",
            "vcpu": 1,
            "disk": 42949672960,
            "memory": 2147483648,
            "transfer": 2199023255552,
            "is_active": true,
            "is_deleted": false,
            "created": "2022-11-11T18:48:33.848Z",
            "updated": "2022-11-11T18:48:33.848Z",
            "deleted": null,
            "price": "0.020900",
            "regions": [
                1
            ]
        }
    },
    {
        "model": "size.size",
        "pk": 4,
        "fields": {
            "name": "medium",
            "slug": "s-1vcpu-3gb-60gb",
            "type": "virtance",
            "description": "Medium",
            "vcpu": 1,
            "disk": 64424509440,
            "memory": 3221225472,
            "transfer": 3298534883328,
            "is_active": true,
            "is_deleted": false,
            "created": "2022-11-11T18:48:33.848Z",
            "updated": "2022-11-11T18:48:33.848Z",
            "deleted": null,
            "price": "0.027800",
            "regions": [
                1
            ]
        }
    },
    {
        "model": "size.size",
        "pk": 5,
        "fields": {
            "name": "large",
            "slug": "s-2vcpu-4gb-80gb",
            "type": "virtance",
            "description": "Large",
            "vcpu": 2,
            "disk": 85899345920,
            "memory": 4294967296,
            "transfer": 4398046511104,
            "is_active": true,
            "is_deleted": false,
            "created": "2022-11-11T18:48:33.848Z",
            "updated": "2022-11-11T18:48:33.848Z",
            "deleted": null,
            "price": "0.034800",
            "regions": [
                1
            ]
        }
    },
    {
        "model": "size.size",
        "pk": 6,
        "fields": {
            "name": "xlarge",
            "slug": "s-4vcpu-8gb-160gb",
            "type": "virtance",
            "description": "Xlarge",
            "vcpu": 4,
            "disk": 171798691840,
            "memory": 8589934592,
            "transfer": 6597069766656,
            "is_active": true,
            "is_deleted": false,
            "created": "2022-11-11T18:48:33.848Z",
            "updated": "2022-11-11T18:48:33.848Z",
            "deleted": null,
            "price": "0.069500",
            "regions": [
                1
            ]
        }
    },
    {
        "model": "size.size",
        "pk": 7,
        "fields": {
            "name": "xxlarge",
            "slug": "s-6vcpu-16gb-320gb",
            "type": "virtance",
            "description": "XXlarge",
            "vcpu": 6,
            "disk": 343597383680,
            "memory": 17179869184,
            "transfer": 8796093022208,
            "is_active": true,
            "is_deleted": false,
            "created": "2022-11-11T18:48:33.848Z",
            "updated": "2022-11-11T18:48:33.848Z",
            "deleted": null,
            "price": "0.138900",
            "regions": [
                1
            ]
        }
    },
    {
        "model": "size.size",
        "pk": 8,
        "fields": {
            "name": "xxxlarge",
            "slug": "s-8vcpu-32gb-480gb",
            "type": "virtance",
            "description": "XXXlarge",
            "vcpu": 8,
            "disk": 515396075520,
            "memory": 34359738368,
            "transfer": 10995116277760,
            "is_active": true,
            "is_deleted": false,
            "created": "2022-11-11T18:48:33.848Z",
            "updated": "2022-11-11T18:48:33.848Z",
            "deleted": null,
            "price": "0.277900",
            "regions": [
                1
            ]
        }
    },
    {
        "model": "size.size",
        "pk": 9,
        "fields": {
            "name": "lbaas",
            "slug": "lbaas-2vcpu-2gb-20gb",
            "type": "lbaas",
            "description": "Load Balancer",
            "vcpu": 2,
            "disk": 21474836480,
            "memory": 2147483648,
            "transfer": 2199023255552,
            "is_active": true,
            "is_deleted": false,
            "created": "2024-05-29T17:25:21.538Z",
            "updated": "2024-05-29T17:25:21.538Z",
            "deleted": null,
            "price": "0.020900",
            "regions": [
                1
            ]
        }
    },
    {
        "model": "size.dbms",
        "pk": 1,
        "fields": {
            "name": "PostreSQL 13",
            "slug": "pgsql-13",
            "description": "Community Edition",
            "engine": "pgsql",
            "version": "13",
            "is_active": true,
            "is_deleted": false,
            "created": "2025-03-22T18:45:13.837Z",
            "updated": "2025-03-22T18:59:34.469Z",
            "deleted": null,
            "sizes": [
                3,
                4,
                5,
                6,
                7,
                8
            ]
        }
    },
    {
        "model": "size.dbms",
        "pk": 2,
        "fields": {
            "name": "PostreSQL 14",
            "slug": "pgsql-14",
            "description": "Community Edition",
            "engine": "pgsql",
            "version": "14",
            "is_active": true,
            "is_deleted": false,
            "created": "2025-03-22T19:03:27.349Z",
            "updated": "2025-03-22T19:03:31.374Z",
            "deleted": null,
            "sizes": [
                3,
                4,
                5,
                6,
                7,
                8
            ]
        }
    },
    {
        "model": "size.dbms",
        "pk": 3,
        "fields": {
            "name": "PostreSQL 15",
            "slug": "pgsql-15",
            "description": "Community Edition",
            "engine": "pgsql",
            "version": "15",
            "is_active": true,
            "is_deleted": false,
            "created": "2025-03-22T19:03:55.351Z",
            "updated": "2025-03-22T19:03:59.846Z",
            "deleted": null,
            "sizes": [
                3,
                4,
                5,
                6,
                7,
                8
            ]
        }
    },
    {
        "model": "size.dbms",
        "pk": 4,
        "fields": {
            "name": "PostreSQL 16",
            "slug": "pgsql-16",
            "description": "Community Edition",
            "engine": "pgsql",
            "version": "16",
            "is_active": true,
            "is_deleted": false,
            "created": "2025-03-22T19:04:14.752Z",
            "updated": "2025-03-22T19:04:18.240Z",
            "deleted": null,
            "sizes": [
                3,
                4,
                5,
                6,
                7,
                8
            ]
        }
    },
    {
        "model": "size.dbms",
        "pk": 5,
        "fields": {
            "name": "PostreSQL 17",
            "slug": "pgsql-17",
            "description": "Community Edition",
            "engine": "pgsql",
            "version": "17",
            "is_active": true,
            "is_deleted": false,
            "created": "2025-03-22T19:04:32.925Z",
            "updated": "2025-03-22T19:04:36.672Z",
            "deleted": null,
            "sizes": [
                3,
                4,
                5,
                6,
                7,
                8
            ]
        }
    },
    {
        "model": "size.dbms_sizes",
        "pk": 1,
        "fields": {
            "dbms": 1,
            "size": 3
        }
    },
    {
        "model": "size.dbms_sizes",
        "pk": 2,
        "fields": {
            "dbms": 1,
            "size": 4
        }
    },
    {
        "model": "size.dbms_sizes",
        "pk": 3,
        "fields": {
            "dbms": 1,
            "size": 5
        }
    },
    {
        "model": "size.dbms_sizes",
        "pk": 4,
        "fields": {
            "dbms": 1,
            "size": 6
        }
    },
    {
        "model": "size.dbms_sizes",
        "pk": 5,
        "fields": {
            "dbms": 1,
            "size": 7
        }
    },
    {
        "model": "size.dbms_sizes",
        "pk": 7,
        "fields": {
            "dbms": 1,
            "size": 8
        }
    },
    {
        "model": "size.dbms_sizes",
        "pk": 8,
        "fields": {
            "dbms": 2,
            "size": 3
        }
    },
    {
        "model": "size.dbms_sizes",
        "pk": 9,
        "fields": {
            "dbms": 2,
            "size": 4
        }
    },
    {
        "model": "size.dbms_sizes",
        "pk": 10,
        "fields": {
            "dbms": 2,
            "size": 5
        }
    },
    {
        "model": "size.dbms_sizes",
        "pk": 11,
        "fields": {
            "dbms": 2,
            "size": 6
        }
    },
    {
        "model": "size.dbms_sizes",
        "pk": 12,
        "fields": {
            "dbms": 2,
            "size": 7
        }
    },
    {
        "model": "size.dbms_sizes",
        "pk": 13,
        "fields": {
            "dbms": 2,
            "size": 8
        }
    },
    {
        "model": "size.dbms_sizes",
        "pk": 14,
        "fields": {
            "dbms": 3,
            "size": 3
        }
    },
    {
        "model": "size.dbms_sizes",
        "pk": 15,
        "fields": {
            "dbms": 3,
            "size": 4
        }
    },
    {
        "model": "size.dbms_sizes",
        "pk": 16,
        "fields": {
            "dbms": 3,
            "size": 5
        }
    },
    {
        "model": "size.dbms_sizes",
        "pk": 17,
        "fields": {
            "dbms": 3,
            "size": 6
        }
    },
    {
        "model": "size.dbms_sizes",
        "pk": 18,
        "fields": {
            "dbms": 3,
            "size": 7
        }
    },
    {
        "model": "size.dbms_sizes",
        "pk": 19,
        "fields": {
            "dbms": 3,
            "size": 8
        }
    },
    {
        "model": "size.dbms_sizes",
        "pk": 20,
        "fields": {
            "dbms": 4,
            "size": 3
        }
    },
    {
        "model": "size.dbms_sizes",
        "pk": 21,
        "fields": {
            "dbms": 4,
            "size": 4
        }
    },
    {
        "model": "size.dbms_sizes",
        "pk": 22,
        "fields": {
            "dbms": 4,
            "size": 5
        }
    },
    {
        "model": "size.dbms_sizes",
        "pk": 23,
        "fields": {
            "dbms": 4,
            "size": 6
        }
    },
    {
        "model": "size.dbms_sizes",
        "pk": 24,
        "fields": {
            "dbms": 4,
            "size": 7
        }
    },
    {
        "model": "size.dbms_sizes",
        "pk": 25,
        "fields": {
            "dbms": 4,
            "size": 8
        }
    },
    {
        "model": "size.dbms_sizes",
        "pk": 26,
        "fields": {
            "dbms": 5,
            "size": 3
        }
    },
    {
        "model": "size.dbms_sizes",
        "pk": 27,
        "fields": {
            "dbms": 5,
            "size": 4
        }
    },
    {
        "model": "size.dbms_sizes",
        "pk": 28,
        "fields": {
            "dbms": 5,
            "size": 5
        }
    },
    {
        "model": "size.dbms_sizes",
        "pk": 29,
        "fields": {
            "dbms": 5,
            "size": 6
        }
    },
    {
        "model": "size.dbms_sizes",
        "pk": 30,
        "fields": {
            "dbms": 5,
            "size": 7
        }
    },
    {
        "model": "size.dbms_sizes",
        "pk": 31,
        "fields": {
            "dbms": 5,
            "size": 8
        }
    }
]